firstName,lastName
Nguyen1,Thu D
Nguyen2,Quoc E
Huynh3,Thanh H
Vu4,Ngoc I
Phan5,Ngoc I
Phan6,Mai F
Huynh7,Mai F
Vu8,Thanh H
Le9,Ngoc I
Dang10,Ngoc I
Huynh11,Mai F
Pham12,Minh C
Phan13,Van A
Dang14,Thu D
Dang15,Van A
Le16,Ngoc I
Bui17,Thi B
Tran18,Duy J
Nguyen19,Ngoc I
Nguyen20,Van A
Bui21,Thu D
Pham22,Mai F
Hoang23,Quoc E
Nguyen24,Thi B
Tran25,Thanh H
Bui26,Quoc E
Pham27,Thanh H
Huynh28,Duy J
Hoang29,Quoc E
Hoang30,Thi B
Bui31,Thanh H
Vu32,Van A
Huynh33,Tuan G
Vu34,Tuan G
Huynh35,Thu D
Tran36,Thi B
Huynh37,Ngoc I
Hoang38,Thu D
Vu39,Thi B
Huynh40,Quoc E
Nguyen41,Thu D
Hoang42,Ngoc I
Pham43,Thanh H
Huynh44,Duy J
Le45,Quoc E
Dang46,Ngoc I
Vu47,Duy J
Tran48,Minh C
Le49,Minh C
Nguyen50,Thi B
Huynh51,Van A
Hoang52,Thu D
Dang53,Quoc E
Dang54,Minh C
Dang55,Thi B
Nguyen56,Thanh H
Phan57,Thanh H
Le58,Thanh H
Hoang59,Thu D
Pham60,Tuan G
Phan61,Duy J
Pham62,Thu D
Vu63,Tuan G
Bui64,Van A
Huynh65,Duy J
Tran66,Thanh H
Bui67,Thanh H
Bui68,Van A
Hoang69,Thu D
Pham70,Thu D
Pham71,Minh C
Hoang72,Minh C
Pham73,Thu D
Vu74,Thanh H
Vu75,Minh C
Huynh76,Quoc E
Dang77,Ngoc I
Nguyen78,Thu D
Huynh79,Mai F
Vu80,Thanh H
Phan81,Mai F
Bui82,Van A
Le83,Duy J
Pham84,Minh C
Huynh85,Van A
Le86,Van A
Huynh87,Thanh H
Huynh88,Thi B
Bui89,Van A
Tran90,Duy J
Bui91,Minh C
Dang92,Van A
Phan93,Ngoc I
Phan94,Van A
Tran95,Minh C
Vu96,Quoc E
Hoang97,Minh C
Phan98,Thi B
Hoang99,Ngoc I
Dang100,Thanh H
Phan101,Minh C
Le102,Thu D
Le103,Thanh H
Tran104,Tuan G
Tran105,Mai F
Dang106,Van A
Tran107,Ngoc I
Pham108,Minh C
Pham109,Thu D
Vu110,Duy J
Le111,Mai F
Hoang112,Thu D
Vu113,Quoc E
Hoang114,Thi B
Tran115,Van A
Bui116,Quoc E
Nguyen117,Thanh H
Pham118,Duy J
Dang119,Van A
Vu120,Minh C
Tran121,Mai F
Hoang122,Tuan G
Bui123,Quoc E
Le124,Tuan G
Tran125,Quoc E
Pham126,Mai F
Bui127,Van A
Phan128,Van A
Dang129,Quoc E
Pham130,Duy J
Nguyen131,Thu D
Huynh132,Tuan G
Vu133,Tuan G
Pham134,Mai F
Le135,Ngoc I
Nguyen136,Thi B
Phan137,Van A
Bui138,Quoc E
Hoang139,Thi B
Vu140,Thi B
Vu141,Quoc E
Vu142,Thi B
Bui143,Thanh H
Pham144,Thanh H
Huynh145,Mai F
Vu146,Quoc E
Le147,Duy J
Vu148,Duy J
Dang149,Thi B
Vu150,Ngoc I
Huynh151,Minh C
Nguyen152,Thu D
Dang153,Thi B
Nguyen154,Thi B
Le155,Quoc E
Tran156,Duy J
Huynh157,Tuan G
Tran158,Thu D
Dang159,Thi B
Pham160,Tuan G
Pham161,Mai F
Nguyen162,Tuan G
Hoang163,Van A
Le164,Mai F
Phan165,Thanh H
Hoang166,Duy J
Dang167,Ngoc I
Tran168,Duy J
Le169,Quoc E
Le170,Duy J
Dang171,Mai F
Hoang172,Ngoc I
Pham173,Thu D
Nguyen174,Duy J
Tran175,Van A
Dang176,Quoc E
Tran177,Minh C
Bui178,Thanh H
Vu179,Van A
Bui180,Ngoc I
Bui181,Van A
Hoang182,Minh C
Hoang183,Tuan G
Phan184,Thi B
Dang185,Duy J
Hoang186,Mai F
Nguyen187,Thanh H
Tran188,Minh C
Hoang189,Thanh H
Vu190,Van A
Pham191,Quoc E
Le192,Minh C
Bui193,Thu D
Nguyen194,Tuan G
Vu195,Van A
Bui196,Van A
Le197,Ngoc I
Phan198,Quoc E
Tran199,Tuan G
Pham200,Van A
Nguyen201,Tuan G
Le202,Minh C
Bui203,Thanh H
Le204,Mai F
Dang205,Mai F
Phan206,Minh C
Vu207,Thu D
Tran208,Ngoc I
Pham209,Van A
Le210,Quoc E
Nguyen211,Ngoc I
Huynh212,Minh C
Bui213,Ngoc I
Bui214,Quoc E
Tran215,Tuan G
Pham216,Van A
Phan217,Tuan G
Nguyen218,Tuan G
Le219,Thu D
Bui220,Tuan G
Hoang221,Quoc E
Le222,Mai F
Tran223,Thi B
Pham224,Van A
Tran225,Quoc E
Hoang226,Tuan G
Huynh227,Quoc E
Nguyen228,Thu D
Phan229,Quoc E
Tran230,Van A
Pham231,Quoc E
Pham232,Thu D
Hoang233,Thi B
Huynh234,Minh C
Nguyen235,Mai F
Pham236,Minh C
Vu237,Thanh H
Vu238,Thi B
Vu239,Duy J
Nguyen240,Ngoc I
Bui241,Tuan G
Dang242,Thi B
Bui243,Quoc E
Nguyen244,Quoc E
Pham245,Mai F
Hoang246,Van A
Huynh247,Thi B
Le248,Thanh H
Le249,Tuan G
Bui250,Thu D
Le251,Quoc E
Tran252,Thi B
Bui253,Duy J
Le254,Thanh H
Nguyen255,Thu D
Nguyen256,Minh C
Tran257,Quoc E
Tran258,Duy J
Pham259,Quoc E
Dang260,Thanh H
Nguyen261,Thi B
Pham262,Duy J
Tran263,Thi B
Huynh264,Ngoc I
Phan265,Thi B
Vu266,Thanh H
Pham267,Quoc E
Bui268,Thi B
Dang269,Ngoc I
Huynh270,Ngoc I
Le271,Duy J
Huynh272,Mai F
Huynh273,Duy J
Phan274,Thanh H
Pham275,Thu D
Le276,Tuan G
Tran277,Duy J
Pham278,Thu D
Dang279,Minh C
Pham280,Thi B
Dang281,Tuan G
Phan282,Mai F
Le283,Thi B
Huynh284,Van A
Le285,Thanh H
Tran286,Thi B
Pham287,Thu D
Phan288,Thanh H
Bui289,Thi B
Tran290,Van A
Hoang291,Mai F
Nguyen292,Thanh H
Nguyen293,Tuan G
Nguyen294,Quoc E
Le295,Tuan G
Pham296,Thanh H
Hoang297,Tuan G
Dang298,Ngoc I
Nguyen299,Thu D
Nguyen300,Van A
Tran301,Duy J
Vu302,Minh C
Huynh303,Duy J
Huynh304,Minh C
Pham305,Tuan G
Hoang306,Van A
Dang307,Minh C
Tran308,Duy J
Huynh309,Minh C
Vu310,Tuan G
Nguyen311,Thu D
Nguyen312,Van A
Vu313,Duy J
Nguyen314,Mai F
Nguyen315,Quoc E
Phan316,Tuan G
Vu317,Duy J
Bui318,Minh C
Hoang319,Thanh H
Nguyen320,Mai F
Nguyen321,Tuan G
Nguyen322,Van A
Dang323,Van A
Hoang324,Thu D
Hoang325,Tuan G
Bui326,Thi B
Bui327,Quoc E
Pham328,Ngoc I
Le329,Van A
Phan330,Van A
Vu331,Quoc E
Phan332,Mai F
Dang333,Tuan G
Le334,Minh C
Pham335,Quoc E
Nguyen336,Tuan G
Huynh337,Duy J
Tran338,Thu D
Hoang339,Ngoc I
Tran340,Tuan G
Bui341,Thanh H
Hoang342,Duy J
Dang343,Thi B
Nguyen344,Mai F
Huynh345,Mai F
Bui346,Duy J
Nguyen347,Thanh H
Hoang348,Van A
Huynh349,Tuan G
Nguyen350,Van A
Dang351,Tuan G
Hoang352,Thanh H
Hoang353,Minh C
Dang354,Thi B
Huynh355,Ngoc I
Hoang356,Van A
Hoang357,Tuan G
Le358,Minh C
Huynh359,Quoc E
Phan360,Thi B
Bui361,Van A
Vu362,Van A
Le363,Tuan G
Hoang364,Tuan G
Pham365,Van A
Pham366,Thanh H
Huynh367,Thi B
Nguyen368,Thi B
Le369,Duy J
Le370,Minh C
Phan371,Thu D
Le372,Thanh H
Huynh373,Minh C
Le374,Quoc E
Le375,Thu D
Tran376,Thu D
Phan377,Mai F
Dang378,Ngoc I
Dang379,Thanh H
Pham380,Quoc E
Dang381,Duy J
Hoang382,Tuan G
Huynh383,Thi B
Nguyen384,Quoc E
Huynh385,Duy J
Huynh386,Mai F
Nguyen387,Tuan G
Huynh388,Duy J
Dang389,Thu D
Huynh390,Thanh H
Dang391,Minh C
Vu392,Thanh H
Dang393,Thu D
Dang394,Thu D
Nguyen395,Minh C
Bui396,Mai F
Bui397,Minh C
Dang398,Mai F
Nguyen399,Quoc E
Vu400,Tuan G
Vu401,Mai F
Hoang402,Van A
Le403,Quoc E
Dang404,Ngoc I
Bui405,Quoc E
Pham406,Thu D
Pham407,Thu D
Tran408,Ngoc I
Nguyen409,Van A
Le410,Duy J
Huynh411,Duy J
Huynh412,Mai F
Huynh413,Minh C
Hoang414,Thi B
Vu415,Thu D
Tran416,Minh C
Hoang417,Ngoc I
Vu418,Thanh H
Vu419,Minh C
Pham420,Duy J
Vu421,Thu D
Vu422,Tuan G
Tran423,Thu D
Dang424,Minh C
Le425,Thi B
Hoang426,Mai F
Pham427,Ngoc I
Nguyen428,Thi B
Le429,Van A
Nguyen430,Thanh H
Phan431,Quoc E
Dang432,Van A
Pham433,Duy J
Vu434,Thanh H
Hoang435,Ngoc I
Hoang436,Thu D
Dang437,Ngoc I
Pham438,Duy J
Dang439,Van A
Dang440,Thi B
Bui441,Thi B
Nguyen442,Thanh H
Pham443,Van A
Hoang444,Tuan G
Vu445,Mai F
Dang446,Van A
Le447,Duy J
Pham448,Tuan G
Le449,Van A
Huynh450,Thi B
Hoang451,Thu D
Nguyen452,Thu D
Pham453,Duy J
Tran454,Tuan G
Phan455,Minh C
Pham456,Thanh H
Bui457,Mai F
Le458,Thanh H
Huynh459,Duy J
Huynh460,Van A
Dang461,Thi B
Huynh462,Tuan G
Huynh463,Tuan G
Huynh464,Thanh H
Hoang465,Tuan G
Huynh466,Thi B
Dang467,Thi B
Pham468,Mai F
Pham469,Quoc E
Bui470,Duy J
Le471,Mai F
Dang472,Quoc E
Hoang473,Thi B
Pham474,Thanh H
Phan475,Thanh H
Vu476,Mai F
Vu477,Thi B
Dang478,Thi B
Nguyen479,Mai F
Nguyen480,Thu D
Vu481,Van A
Vu482,Tuan G
Dang483,Quoc E
Hoang484,Mai F
Le485,Van A
Huynh486,Thanh H
Dang487,Thanh H
Vu488,Thi B
Le489,Minh C
Phan490,Quoc E
Tran491,Quoc E
Huynh492,Duy J
Bui493,Ngoc I
Dang494,Mai F
Dang495,Minh C
Le496,Ngoc I
Vu497,Thu D
Dang498,Quoc E
Bui499,Van A
Huynh500,Mai F
Bui501,Thanh H
Vu502,Thi B
Hoang503,Mai F
Le504,Thu D
Vu505,Tuan G
Le506,Thanh H
Tran507,Ngoc I
Nguyen508,Mai F
Le509,Tuan G
Huynh510,Thu D
Dang511,Van A
Le512,Mai F
Hoang513,Ngoc I
Tran514,Quoc E
Huynh515,Quoc E
Nguyen516,Ngoc I
Vu517,Ngoc I
Pham518,Thi B
Bui519,Duy J
Hoang520,Van A
Vu521,Thanh H
Pham522,Thanh H
Tran523,Van A
Phan524,Duy J
Tran525,Minh C
Pham526,Thanh H
Pham527,Duy J
Nguyen528,Tuan G
Vu529,Thu D
Dang530,Duy J
Pham531,Tuan G
Huynh532,Thu D
Dang533,Van A
Vu534,Quoc E
Vu535,Duy J
Dang536,Quoc E
Nguyen537,Duy J
Vu538,Ngoc I
Le539,Van A
Huynh540,Thanh H
Phan541,Quoc E
Pham542,Thanh H
Nguyen543,Duy J
Vu544,Thu D
Nguyen545,Thu D
Nguyen546,Thi B
Huynh547,Quoc E
Hoang548,Mai F
Dang549,Duy J
Bui550,Duy J
Pham551,Duy J
Hoang552,Thanh H
Huynh553,Ngoc I
Vu554,Mai F
Vu555,Van A
Vu556,Tuan G
Bui557,Quoc E
Dang558,Ngoc I
Dang559,Mai F
Pham560,Van A
Le561,Thu D
Phan562,Thanh H
Le563,Quoc E
Hoang564,Van A
Vu565,Van A
Dang566,Thanh H
Huynh567,Thu D
Le568,Mai F
Nguyen569,Thanh H
Dang570,Thanh H
Bui571,Ngoc I
Bui572,Van A
Hoang573,Van A
Le574,Mai F
Dang575,Ngoc I
Phan576,Thu D
Bui577,Minh C
Hoang578,Van A
Phan579,Quoc E
Phan580,Quoc E
Tran581,Thanh H
Dang582,Thanh H
Le583,Duy J
Bui584,Duy J
Hoang585,Quoc E
Huynh586,Van A
Bui587,Tuan G
Dang588,Duy J
Le589,Van A
Huynh590,Mai F
Vu591,Minh C
Vu592,Duy J
Vu593,Thu D
Hoang594,Thu D
Phan595,Thi B
Pham596,Mai F
Bui597,Thu D
Dang598,Thu D
Phan599,Tuan G
Bui600,Thu D
Vu601,Minh C
Phan602,Quoc E
Tran603,Mai F
Phan604,Thu D
Bui605,Thanh H
Hoang606,Duy J
Dang607,Minh C
Dang608,Thi B
Dang609,Ngoc I
Vu610,Thi B
Nguyen611,Minh C
Dang612,Quoc E
Dang613,Van A
Vu614,Mai F
Nguyen615,Ngoc I
Phan616,Minh C
Huynh617,Van A
Bui618,Minh C
Pham619,Mai F
Huynh620,Thanh H
Dang621,Duy J
Phan622,Thanh H
Dang623,Tuan G
Hoang624,Mai F
Vu625,Van A
Le626,Ngoc I
Pham627,Duy J
Pham628,Thi B
Le629,Van A
Vu630,Quoc E
Tran631,Duy J
Huynh632,Ngoc I
Huynh633,Thanh H
Bui634,Van A
Hoang635,Ngoc I
Nguyen636,Ngoc I
Huynh637,Thu D
Pham638,Thanh H
Vu639,Ngoc I
Phan640,Thi B
Phan641,Quoc E
Bui642,Minh C
Nguyen643,Duy J
Dang644,Ngoc I
Hoang645,Quoc E
Nguyen646,Duy J
Hoang647,Van A
Vu648,Thanh H
Vu649,Ngoc I
Tran650,Quoc E
Hoang651,Minh C
Nguyen652,Thi B
Le653,Tuan G
Le654,Van A
Nguyen655,Mai F
Hoang656,Thanh H
Nguyen657,Thanh H
Pham658,Quoc E
Hoang659,Thu D
Le660,Van A
Tran661,Tuan G
Huynh662,Thi B
Nguyen663,Ngoc I
Dang664,Van A
Dang665,Mai F
Bui666,Minh C
Tran667,Thanh H
Huynh668,Van A
Vu669,Duy J
Nguyen670,Mai F
Tran671,Thanh H
Le672,Thanh H
Nguyen673,Minh C
Tran674,Duy J
Dang675,Thu D
Tran676,Duy J
Pham677,Minh C
Huynh678,Mai F
Hoang679,Thu D
Hoang680,Duy J
Bui681,Thu D
Pham682,Ngoc I
Hoang683,Mai F
Tran684,Quoc E
Bui685,Thi B
Tran686,Duy J
Huynh687,Mai F
Phan688,Minh C
Nguyen689,Mai F
Tran690,Tuan G
Pham691,Minh C
Vu692,Thu D
Vu693,Duy J
Nguyen694,Thi B
Tran695,Quoc E
Le696,Van A
Dang697,Thanh H
Hoang698,Van A
Bui699,Duy J
Phan700,Minh C
Hoang701,Quoc E
Vu702,Thi B
Phan703,Quoc E
Huynh704,Thanh H
Hoang705,Thi B
Pham706,Tuan G
Le707,Thi B
Huynh708,Mai F
Bui709,Tuan G
Tran710,Ngoc I
Phan711,Thanh H
Nguyen712,Thi B
Tran713,Mai F
Huynh714,Thanh H
Huynh715,Thanh H
Tran716,Ngoc I
Vu717,Thi B
Pham718,Mai F
Pham719,Tuan G
Le720,Ngoc I
Le721,Tuan G
Hoang722,Thanh H
Pham723,Minh C
Pham724,Thanh H
Dang725,Duy J
Tran726,Mai F
Phan727,Mai F
Huynh728,Thanh H
Le729,Minh C
Dang730,Tuan G
Huynh731,Thi B
Pham732,Minh C
Tran733,Thi B
Hoang734,Minh C
Bui735,Duy J
Huynh736,Duy J
Phan737,Ngoc I
Tran738,Thi B
Phan739,Mai F
Pham740,Thu D
Le741,Ngoc I
Hoang742,Quoc E
Huynh743,Tuan G
Vu744,Ngoc I
Pham745,Ngoc I
Hoang746,Thanh H
Hoang747,Thi B
Nguyen748,Thu D
Nguyen749,Thi B
Nguyen750,Thi B
Pham751,Ngoc I
Le752,Tuan G
Dang753,Mai F
Phan754,Mai F
Nguyen755,Ngoc I
Pham756,Minh C
Nguyen757,Thu D
Hoang758,Quoc E
Le759,Thi B
Le760,Van A
Hoang761,Minh C
Nguyen762,Thi B
Huynh763,Thu D
Phan764,Minh C
Dang765,Quoc E
Nguyen766,Minh C
Dang767,Thu D
Nguyen768,Thu D
Phan769,Duy J
Vu770,Thi B
Tran771,Duy J
Bui772,Ngoc I
Phan773,Duy J
Hoang774,Ngoc I
Bui775,Thi B
Bui776,Ngoc I
Vu777,Van A
Le778,Quoc E
Pham779,Minh C
Phan780,Ngoc I
Bui781,Van A
Huynh782,Quoc E
Huynh783,Quoc E
Tran784,Thi B
Nguyen785,Thi B
Bui786,Thanh H
Pham787,Duy J
Tran788,Mai F
Le789,Thu D
Tran790,Ngoc I
Bui791,Ngoc I
Pham792,Minh C
Dang793,Minh C
Le794,Thi B
Huynh795,Tuan G
Pham796,Van A
Hoang797,Minh C
Vu798,Tuan G
Bui799,Thu D
Bui800,Van A
Hoang801,Mai F
Pham802,Thi B
Vu803,Tuan G
Vu804,Thi B
Hoang805,Thu D
Huynh806,Quoc E
Le807,Quoc E
Nguyen808,Van A
Tran809,Duy J
Pham810,Thu D
Le811,Thanh H
Pham812,Thi B
Hoang813,Thi B
Le814,Minh C
Huynh815,Van A
Tran816,Quoc E
Bui817,Quoc E
Phan818,Minh C
Pham819,Tuan G
Nguyen820,Thi B
Dang821,Thanh H
Pham822,Thu D
Huynh823,Thi B
Dang824,Van A
Huynh825,Duy J
Nguyen826,Minh C
Huynh827,Thi B
Dang828,Quoc E
Phan829,Ngoc I
Huynh830,Thanh H
Nguyen831,Mai F
Le832,Tuan G
Hoang833,Thu D
Hoang834,Duy J
Dang835,Thu D
Bui836,Thu D
Dang837,Van A
Hoang838,Duy J
Phan839,Duy J
Le840,Mai F
Bui841,Mai F
Vu842,Duy J
Bui843,Quoc E
Dang844,Thi B
Vu845,Ngoc I
Pham846,Ngoc I
Bui847,Thi B
Nguyen848,Minh C
Vu849,Ngoc I
Pham850,Thi B
Bui851,Thu D
Vu852,Duy J
Dang853,Tuan G
Dang854,Minh C
Phan855,Thanh H
Dang856,Tuan G
Huynh857,Mai F
Huynh858,Thu D
Bui859,Duy J
Le860,Quoc E
Pham861,Minh C
Le862,Thanh H
Vu863,Minh C
Tran864,Quoc E
Huynh865,Van A
Nguyen866,Tuan G
Tran867,Thanh H
Huynh868,Ngoc I
Tran869,Tuan G
Tran870,Van A
Pham871,Thu D
Huynh872,Duy J
Nguyen873,Tuan G
Bui874,Mai F
Hoang875,Van A
Tran876,Quoc E
Phan877,Minh C
Pham878,Thanh H
Pham879,Quoc E
Le880,Duy J
Vu881,Mai F
Phan882,Thi B
Vu883,Thi B
Dang884,Van A
Pham885,Duy J
Dang886,Mai F
Hoang887,Mai F
Tran888,Quoc E
Phan889,Thi B
Tran890,Ngoc I
Vu891,Quoc E
Huynh892,Thanh H
Dang893,Thi B
Huynh894,Duy J
Phan895,Duy J
Vu896,Thi B
Huynh897,Ngoc I
Phan898,Mai F
Nguyen899,Thu D
Nguyen900,Mai F
Huynh901,Mai F
Nguyen902,Van A
Nguyen903,Thanh H
Phan904,Thanh H
Bui905,Ngoc I
Tran906,Ngoc I
Dang907,Ngoc I
Nguyen908,Ngoc I
Phan909,Van A
Dang910,Thanh H
Phan911,Thu D
Pham912,Minh C
Le913,Thi B
Nguyen914,Ngoc I
Phan915,Mai F
Le916,Quoc E
Bui917,Thi B
Vu918,Thanh H
Le919,Minh C
Bui920,Tuan G
Nguyen921,Minh C
Phan922,Thi B
Phan923,Thu D
Tran924,Thi B
Nguyen925,Ngoc I
Le926,Ngoc I
Phan927,Thi B
Bui928,Thi B
Nguyen929,Ngoc I
Nguyen930,Thu D
Pham931,Thanh H
Hoang932,Mai F
Huynh933,Ngoc I
Nguyen934,Van A
Huynh935,Tuan G
Dang936,Thi B
Pham937,Quoc E
Tran938,Minh C
Pham939,Minh C
Hoang940,Quoc E
Tran941,Minh C
Nguyen942,Thi B
Hoang943,Thanh H
Phan944,Quoc E
Tran945,Van A
Bui946,Thu D
Tran947,Van A
Le948,Ngoc I
Hoang949,Thanh H
Pham950,Tuan G
Hoang951,Thi B
Hoang952,Thanh H
Pham953,Thi B
Nguyen954,Tuan G
Huynh955,Duy J
Huynh956,Van A
Huynh957,Quoc E
Bui958,Tuan G
Le959,Thu D
Tran960,Mai F
Pham961,Thu D
Hoang962,Quoc E
Le963,Quoc E
Pham964,Tuan G
Nguyen965,Thi B
Hoang966,Van A
Le967,Duy J
Dang968,Duy J
Le969,Quoc E
Hoang970,Quoc E
Huynh971,Mai F
Bui972,Thanh H
Tran973,Thu D
Huynh974,Ngoc I
Pham975,Thanh H
Pham976,Thu D
Nguyen977,Thi B
Bui978,Duy J
Bui979,Mai F
Pham980,Thi B
Hoang981,Mai F
Bui982,Van A
Bui983,Tuan G
Phan984,Thi B
Phan985,Thi B
Vu986,Mai F
Tran987,Minh C
Bui988,Duy J
Huynh989,Minh C
Hoang990,Van A
Huynh991,Duy J
Huynh992,Minh C
Dang993,Thi B
Hoang994,Thi B
Huynh995,Thu D
Huynh996,Thanh H
Bui997,Tuan G
Le998,Thi B
Dang999,Thanh H
Nguyen1000,Thi B
